﻿<?xml version="1.0" encoding="utf-8"?>
<output>
  <output.header >
    <text stringformat="">
    </text>
  </output.header>
  <tablelist>
    <table>
      <table.header>
        <text stringformat="{0}">
          <statictext>One Sample Statistics</statictext>
        </text>
      </table.header>
      <columns>
        <column rowstart="1" colstart="3" >
          <labels grouping="options">
            <option-value-pairs>
              <option-value condition="" text="Mean"/>
              <option-value condition="" text="N"/>
              <option-value condition="" text="Std Deviation"/>
              <option-value condition="" text="Std Error Mean"/>
           </option-value-pairs>
          </labels>
        </column>
      </columns>
      <rows>
        <row rowstart="1" colstart="1" >
          <labels grouping="list">
            <list listname="target" factors="yes"/>
          </labels>
        </row>
      </rows>
    </table>
    <table ID="TableDetail">
      <table.header>
        <text stringformat="{0}">
          <statictext>One Sample Test</statictext>
        </text>
      </table.header>
      <columns>
        <column rowstart="1" colstart="3" >
          <labels grouping="options">
            <option-value-pairs>
              <option-value condition="">
                <text stringformat="Test Value = {0}">
                  <param datamember="testval" delimiter=""></param>
                </text>
              </option-value>
            </option-value-pairs>
          </labels>
          <subcolumns>
            <column>
              <labels grouping="options" factors="no" >
                <option-value-pairs>
                  <option-value condition="" text="t"/>
                  <option-value condition="" text="df"/>
                  <option-value condition="" text="Sig.(2-tailed)"/>
                  <option-value condition="" text="Mean Difference"/>
                </option-value-pairs>
              </labels>
            </column>
            <column rowstart="1" colstart="3" >
              <labels grouping="options">
                <option-value-pairs>
                  <option-value condition="">
                    <text stringformat="Confidence : {0}">
                      <param datamember="conflevel" delimiter=""></param>
                    </text>
                  </option-value>
                </option-value-pairs>
              </labels>
              <subcolumns>
                <column>
                  <labels grouping="options" factors="no" >
                    <option-value-pairs>
                      <option-value condition="" text="lower"/>
                      <option-value condition="" text="Upper"/>
                    </option-value-pairs>
                  </labels>
                </column>
              </subcolumns>
            </column>
            </subcolumns>
        </column>
      </columns>
      <rows>
        <row>
          <labels grouping="list" factors="no" >
            <list listname="target"></list>
          </labels>
        </row>
      </rows>
    </table>
  </tablelist>
</output>







