<?xml version="1.0" encoding="utf-8"?>
<output>
	<output.header >
		<text stringformat="">
		</text>
	</output.header>
	<tablelist>
		<table>
			<table.header>
				<text stringformat="{0}">
					<statictext>Group Statistics </statictext>
				</text>
			</table.header>
			<columns>
				<column rowstart="1" colstart="3" >
					<labels grouping="options">
						<option-value-pairs>
							<option-value condition="" text="N"/>
							<option-value condition="" text="Mean"/>
							<option-value condition="" text="Std Deviation"/>
							<option-value condition="" text="Std Error Mean"/>
						</option-value-pairs>
					</labels>
				</column>
			</columns>
			<rows>
				<row rowstart="1" colstart="1" >
					<labels grouping="list">
						<list listname="Target" factors="yes"/>
					</labels>
					<subrow>
						<row>
							<labels grouping="list">
								<list listname="groupingVariable" factors="yes"/>
							</labels>
						</row>
					</subrow>
				</row>
			</rows>
		</table>

		<table ID="TableDetail">
			<table.header>
				<text stringformat="{0}">
					<statictext>Independent Samples Test </statictext>
				</text>
			</table.header>
			<columns>
				<column>
					<labels grouping="options">
						<option-value-pairs>
							<option-value condition="">
								<text stringformat="">

								</text>
							</option-value>
						</option-value-pairs>					
					</labels>
					<subcolumns>
						<column>
							<labels grouping="options">
								<option-value-pairs>
									<option-value condition="">
										<text stringformat="{0}">
											<statictext>Levene's Test for Equality</statictext>
										</text>
									</option-value>
								</option-value-pairs>
							</labels>
							<subcolumns>
								<column>
									<labels grouping="options" factors="no" >
										<option-value-pairs>
											<option-value condition="" text="F"/>
											<option-value condition="" text="Sig."/>
										</option-value-pairs>
									</labels>
								</column>
							</subcolumns>
						</column>
						
						<column rowstart="1" colstart="3" >
							<labels grouping="options">
								<option-value-pairs>
									<option-value condition="">
										<text stringformat="{0}">
											<statictext>T-Test for equality of means</statictext>
										</text>
									</option-value>
								</option-value-pairs>
							</labels>
							<subcolumns>
								<column>
									<labels grouping="options" factors="no" >
										<option-value-pairs>
											<option-value condition="" text="t"/>
											<option-value condition="" text="df"/>
											<option-value condition="" text="Sig.(2-tailed)"/>
											<option-value condition="" text="Mean Difference"/>
											<option-value condition="" text="Std. Error Difference"/>
										</option-value-pairs>
									</labels>
								</column>
								<column rowstart="1" colstart="3" >
									<labels grouping="options">
										<option-value-pairs>
											<option-value condition="">
												<text stringformat="{0}">
													<statictext>Confidence interval of the Diff.</statictext>
												</text>
											</option-value>
										</option-value-pairs>
									</labels>
									<subcolumns>
										<column>
											<labels grouping="options" factors="no" >
												<option-value-pairs>
													<option-value condition="" text="lower"/>
													<option-value condition="" text="Upper"/>
												</option-value-pairs>
											</labels>
										</column>
									</subcolumns>
								</column>
							</subcolumns>
						</column>
					</subcolumns>
				</column>
			</columns>
			<rows>
				<row>
					<labels grouping="list" factors="no" >
						<list listname="Target"></list>
					</labels>
					<subrows>
						<row>
							<labels grouping="options" factors="no" >
								<option-value-pairs>
									<option-value condition="" text="Equal variances assumed"/>
									<option-value condition="" text="Equal variances not assumed"/>
								</option-value-pairs>
							</labels>             
						</row>
					</subrows>
				</row>
			</rows>
		</table>
	
	</tablelist>
</output>







